,0,1,2,3
0,294.0,715.0,0.0,2.0
1,208.0,796.0,0.0,2.0
2,266.0,869.0,0.0,2.0
3,14.0,271.0,0.0,2.0
4,16.0,358.0,0.0,2.0
5,20.0,321.0,0.0,2.0
6,26.0,520.0,0.0,2.0
7,500.0,938.0,0.0,2.0
8,992.0,1004.0,0.0,3.0
9,63.0,791.0,0.0,2.0
10,283.0,700.0,0.0,2.0
11,233.0,590.0,0.0,2.0
12,339.0,481.0,0.0,2.0
13,841.0,925.0,0.0,2.0
14,27.0,254.0,0.0,2.0
15,38.0,740.0,0.0,2.0
16,69.0,324.0,0.0,2.0
17,76.0,524.0,0.0,2.0
18,83.0,374.0,0.0,2.0
19,218.0,364.0,0.0,2.0
20,163.0,914.0,0.0,2.0
21,171.0,691.0,0.0,2.0
22,366.0,865.0,0.0,2.0
23,490.0,501.0,0.0,2.0
24,247.0,684.0,0.0,2.0
25,350.0,668.0,0.0,2.0
26,482.0,962.0,0.0,2.0
27,200.0,650.0,0.0,2.0
28,244.0,527.0,0.0,2.0
29,675.0,944.0,0.0,2.0
30,495.0,879.0,0.0,2.0
31,428.0,474.0,0.0,2.0
32,387.0,1016.0,0.0,3.0
33,818.0,859.0,0.0,2.0
34,440.0,479.0,0.0,2.0
35,751.0,758.0,0.0,2.0
36,498.0,952.0,0.0,2.0
37,414.0,993.0,1.0062329126869773e-05,2.0
38,345.0,400.0,1.0062329126869773e-05,2.0
39,201.0,353.0,1.0062329126869773e-05,2.0
40,49.0,934.0,2.0124658253739547e-05,2.0
41,567.0,798.0,3.018698738055381e-05,2.0
42,59.0,708.0,3.018698738060932e-05,2.0
43,342.0,933.0,3.018698738060932e-05,2.0
44,349.0,433.0,4.024931650742358e-05,2.0
45,143.0,991.0,5.0311645634293356e-05,2.0
46,15.0,1000.0,6.97138611608104e-05,3.0
47,0.0,530.0,7.04363038880329e-05,2.0
48,110.0,772.0,7.334097665278505e-05,2.0
49,231.0,264.0,7.334097665278505e-05,2.0
50,242.0,279.0,7.538335531637262e-05,2.0
51,80.0,382.0,7.538335531637262e-05,2.0
52,258.0,845.0,7.53833553164008e-05,2.0
53,563.0,648.0,7.86695785932569e-05,2.0
54,168.0,767.0,7.86695785932782e-05,2.0
55,86.0,186.0,8.049863301490268e-05,2.0
56,227.0,876.0,8.305212741550736e-05,2.0
57,395.0,639.0,8.305212741550736e-05,2.0
58,946.0,1024.0,8.388602099616606e-05,3.0
59,103.0,687.0,8.836803763441633e-05,2.0
60,89.0,672.0,9.056096214171694e-05,2.0
61,282.0,1023.0,9.083980475578636e-05,3.0
62,96.0,442.0,9.445986035025584e-05,2.0
63,451.0,897.0,9.445986035029132e-05,2.0
64,248.0,1038.0,9.876130331111068e-05,3.0
65,630.0,1041.0,9.876130331114273e-05,3.0
66,202.0,311.0,0.00010062329126858671,2.0
67,18.0,422.0,0.00010118755503684349,2.0
68,582.0,640.0,0.00010118755503684349,2.0
69,25.0,42.0,0.00010118755503685344,2.0
70,535.0,1043.0,0.0001054544137183373,3.0
71,867.0,1048.0,0.00010729870065086608,3.0
72,263.0,704.0,0.00010843282854465256,2.0
73,496.0,573.0,0.00011068562039545649,2.0
74,621.0,1050.0,0.00012352845201523495,3.0
75,745.0,927.0,0.00012410759499183687,2.0
76,78.0,449.0,0.00013081027864914052,2.0
77,881.0,982.0,0.0001466819533055701,2.0
78,95.0,514.0,0.0001466819533055976,2.0
79,130.0,328.0,0.00014962946698164522,2.0
80,115.0,494.0,0.00015076671063281498,2.0
81,957.0,966.0,0.00015093493690293558,2.0
82,485.0,1051.0,0.00015643843855163433,3.0
83,618.0,680.0,0.0001573391571865351,2.0
84,142.0,785.0,0.00015733915718656074,2.0
85,72.0,465.0,0.00016146784962066914,2.0
86,153.0,434.0,0.0001661042548310659,2.0
87,340.0,971.0,0.0001661042548310659,2.0
88,407.0,1040.0,0.00016817389422132142,3.0
89,939.0,999.0,0.00017105959515661961,2.0
90,829.0,857.0,0.0001712071301662147,2.0
91,540.0,1026.0,0.00017409040193736483,3.0
92,98.0,616.0,0.00017662889927184331,2.0
93,702.0,837.0,0.00017673607526883265,2.0
94,94.0,513.0,0.00017673607526885548,2.0
95,534.0,736.0,0.0001811219242834894,2.0
96,182.0,1046.0,0.00018174919984489038,4.0
97,666.0,1044.0,0.0001830218202311712,3.0
98,518.0,1076.0,0.00018398704956523512,3.0
99,593.0,943.0,0.00019118425341030365,2.0
100,399.0,533.0,0.00019118425341035916,2.0
101,178.0,744.0,0.00019514814845411401,2.0
102,273.0,438.0,0.0001951481484541449,2.0
103,411.0,455.0,0.00020124658253717342,2.0
104,997.0,1077.0,0.00020914158348243122,3.0
105,1013.0,1071.0,0.00021120504812182684,5.0
106,56.0,824.0,0.000213957555070721,2.0
107,37.0,722.0,0.00021686565708930913,2.0
108,65.0,119.0,0.0002179422756152516,2.0
109,486.0,548.0,0.00021886945280279795,2.0
110,1045.0,1082.0,0.0002208369877501902,5.0
111,221.0,847.0,0.00022137124079091297,2.0
112,419.0,454.0,0.00022367408698101586,2.0
113,28.0,173.0,0.00022367408698102938,2.0
114,1052.0,1085.0,0.00022647223628445822,4.0
115,132.0,257.0,0.00023233352194126951,2.0
116,557.0,1006.0,0.0002361611515921712,3.0
117,9.0,1070.0,0.0002378338020448782,4.0
118,586.0,1090.0,0.00023818902563276355,3.0
119,459.0,1059.0,0.0002418537327839444,3.0
120,93.0,1088.0,0.00024434389639307197,4.0
121,584.0,1056.0,0.00024559209811700453,3.0
122,615.0,646.0,0.00024821518998366376,2.0
123,726.0,1053.0,0.00024866490638884354,3.0
124,884.0,1037.0,0.00025964504524683685,3.0
125,40.0,703.0,0.0002651041129032718,2.0
126,1058.0,1061.0,0.0002663185418374605,6.0
127,673.0,1078.0,0.0002672364677830959,3.0
128,759.0,833.0,0.00027326194546737205,2.0
129,126.0,613.0,0.0002770563491340503,2.0
130,386.0,1086.0,0.0002904744215033553,3.0
131,940.0,1073.0,0.00029134424656436525,3.0
132,167.0,1116.0,0.00029579880865768867,4.0
133,574.0,575.0,0.00029664629187515574,2.0
134,460.0,1091.0,0.0002976334994608242,4.0
135,165.0,754.0,0.00029925893396326344,2.0
136,306.0,622.0,0.00030186987380581565,2.0
137,891.0,1047.0,0.000307902886793574,3.0
138,222.0,951.0,0.00031789987855495574,2.0
139,270.0,950.0,0.0003252984856338873,2.0
140,1064.0,1092.0,0.0003270398572165125,5.0
141,256.0,1074.0,0.00032858574932661584,4.0
142,113.0,504.0,0.0003328368634348515,2.0
143,734.0,1080.0,0.0003359722505910585,3.0
144,822.0,926.0,0.00034211919031323923,2.0
145,81.0,1123.0,0.0003541763263626047,4.0
146,228.0,836.0,0.00035959626113750794,2.0
147,724.0,783.0,0.00036421213410852885,2.0
148,467.0,760.0,0.00036945670140559907,2.0
149,68.0,1141.0,0.0003736649600119268,5.0
150,1067.0,1083.0,0.00037509073984530136,4.0
151,1039.0,1097.0,0.00037858523230966274,5.0
152,287.0,890.0,0.0003843486911433998,2.0
153,1087.0,1120.0,0.0003943611517560295,6.0
154,721.0,797.0,0.0004089968170053858,2.0
155,1042.0,1096.0,0.00041976192446991744,6.0
156,473.0,782.0,0.00042275222214079803,2.0
157,961.0,1021.0,0.00042343432613120975,3.0
158,303.0,647.0,0.00042881636277495693,2.0
159,608.0,1095.0,0.00042990214382497614,3.0
160,1062.0,1124.0,0.0004486647959155446,5.0
161,508.0,1054.0,0.00045351689235254716,3.0
162,989.0,1010.0,0.00046475907440538135,3.0
163,1063.0,1145.0,0.00047072908830394133,6.0
164,1012.0,1105.0,0.00047922891321348476,7.0
165,1049.0,1126.0,0.00048210981439844976,8.0
166,99.0,612.0,0.00048513563329781565,2.0
167,369.0,1112.0,0.000498334996367355,3.0
168,1101.0,1118.0,0.0005065586957111675,5.0
169,162.0,310.0,0.0005083343555496301,2.0
170,956.0,1098.0,0.00053133911495048,4.0
171,777.0,970.0,0.0005333034437235706,2.0
172,97.0,1075.0,0.0005380633654589618,3.0
173,296.0,1009.0,0.0005410158808864275,3.0
174,261.0,560.0,0.0005430394622494157,2.0
175,277.0,800.0,0.0005581758794924222,2.0
176,578.0,856.0,0.0005781352931257105,2.0
177,157.0,903.0,0.0005947953425831436,2.0
178,1079.0,1131.0,0.0005954773050963431,5.0
179,360.0,725.0,0.0006138020767384456,2.0
180,489.0,793.0,0.0006339267349921851,2.0
181,605.0,1150.0,0.0006348293812807362,5.0
182,633.0,953.0,0.0006405602161088296,2.0
183,887.0,924.0,0.0006405602161088422,2.0
184,403.0,707.0,0.0006480737327602467,2.0
185,1030.0,1104.0,0.000648961664540363,5.0
186,236.0,421.0,0.000651346163655535,2.0
187,298.0,402.0,0.0006580736078857665,2.0
188,846.0,922.0,0.0006680753584984077,2.0
189,643.0,1143.0,0.0006885836768893585,4.0
190,619.0,985.0,0.0006943007097533482,2.0
191,480.0,1072.0,0.0006983992124311358,3.0
192,315.0,995.0,0.0007546746845145114,2.0
193,770.0,955.0,0.0007581632593551366,2.0
194,330.0,549.0,0.0007619512220368301,2.0
195,237.0,1107.0,0.0007736873245000219,3.0
196,531.0,572.0,0.0007758520447200443,2.0
197,706.0,1156.0,0.0007771072385189753,3.0
198,1113.0,1151.0,0.0007955498924283933,7.0
199,509.0,1093.0,0.0007963449352898335,3.0
200,144.0,1081.0,0.0008075188917793606,3.0
201,226.0,416.0,0.0008150486592756745,2.0
202,598.0,913.0,0.0008351733175293585,2.0
203,139.0,453.0,0.0008368984098763055,2.0
204,101.0,187.0,0.0008375410970038012,2.0
205,625.0,1140.0,0.0008399403090720226,6.0
206,1102.0,1149.0,0.000847109346621279,7.0
207,674.0,1109.0,0.0008492217246215771,3.0
208,1142.0,1153.0,0.0008823832785078873,8.0
209,1084.0,1146.0,0.0008908749077195629,4.0
210,712.0,861.0,0.0008977768018897473,2.0
211,871.0,1164.0,0.0009169831006990677,8.0
212,1115.0,1160.0,0.0009419699104281845,7.0
213,456.0,972.0,0.0009521595259114318,2.0
214,111.0,390.0,0.0009768494774742731,2.0
215,356.0,1158.0,0.000981753685256315,3.0
216,1155.0,1172.0,0.0009908541645894373,9.0
217,319.0,864.0,0.001006232912686006,2.0
218,875.0,904.0,0.0010062329126860337,2.0
219,325.0,1028.0,0.0010143256785161408,3.0
220,151.0,211.0,0.0010263575709397177,2.0
221,774.0,787.0,0.0010389628759695708,2.0
222,359.0,363.0,0.0010565205391157445,2.0
223,71.0,116.0,0.0010590868919755363,2.0
224,779.0,1065.0,0.001071761045787966,4.0
225,84.0,834.0,0.0010787887834124528,2.0
226,372.0,397.0,0.0010787887834124638,2.0
227,476.0,1029.0,0.0010820317617728451,3.0
228,461.0,576.0,0.0010957777046185235,2.0
229,503.0,936.0,0.0010965856175301975,2.0
230,114.0,629.0,0.0011192786328389542,2.0
231,33.0,1137.0,0.001125572453970346,4.0
232,106.0,832.0,0.0011269808622083044,2.0
233,1128.0,1185.0,0.0011480339202629914,7.0
234,848.0,1199.0,0.0011482456930545656,4.0
235,1125.0,1134.0,0.0011625438119474646,6.0
236,367.0,1205.0,0.0011786452407181983,7.0
237,383.0,852.0,0.0012477288117306307,2.0
238,346.0,1117.0,0.0013141956369691291,5.0
239,710.0,1166.0,0.0013388129471095702,3.0
240,483.0,553.0,0.0013804519810895874,2.0
241,322.0,868.0,0.001380451981089589,2.0
242,1057.0,1136.0,0.0013889135013962631,4.0
243,172.0,326.0,0.0013905004676895518,2.0
244,1110.0,1178.0,0.0013965157010358408,10.0
245,895.0,1130.0,0.001403626519763327,4.0
246,368.0,462.0,0.0014809453061044265,2.0
247,690.0,870.0,0.001526342852064572,2.0
248,1168.0,1197.0,0.0015292974259496566,8.0
249,262.0,827.0,0.0015563954124103573,2.0
250,75.0,128.0,0.0015915069330643245,2.0
251,659.0,1132.0,0.0016832715783171956,5.0
252,564.0,888.0,0.001720658280693066,2.0
253,91.0,739.0,0.0017407829389467777,2.0
254,1135.0,1176.0,0.0017439663066571025,4.0
255,775.0,877.0,0.0017523517914861762,2.0
256,752.0,1139.0,0.0017784922837667042,3.0
257,391.0,720.0,0.0018528932712440931,2.0
258,141.0,181.0,0.0018542588115407202,2.0
259,57.0,773.0,0.0018642517699423407,2.0
260,1133.0,1157.0,0.0018914968568703426,5.0
261,17.0,1225.0,0.0018922719554962668,3.0
262,164.0,255.0,0.0019238529887347245,2.0
263,238.0,537.0,0.0019242247037981714,2.0
264,120.0,764.0,0.0019338004678429615,2.0
265,13.0,206.0,0.001962154179737663,2.0
266,546.0,1173.0,0.001976803817400411,4.0
267,607.0,1127.0,0.001977915916517419,4.0
268,902.0,977.0,0.0019923411671181057,2.0
269,655.0,1212.0,0.0019978158843071336,8.0
270,44.0,1182.0,0.002014246812005507,3.0
271,404.0,1177.0,0.0020546060721284365,3.0
272,663.0,1147.0,0.002100996668646981,3.0
273,423.0,1188.0,0.002115069706069994,3.0
274,249.0,917.0,0.002118078423576527,2.0
275,912.0,1069.0,0.0021241933655306174,3.0
276,475.0,1068.0,0.0022633913214171507,3.0
277,336.0,1159.0,0.0023086559092384573,4.0
278,1099.0,1226.0,0.0023104510281861845,4.0
279,357.0,784.0,0.0023243980283046417,2.0
280,412.0,1196.0,0.002405493904148902,3.0
281,544.0,1235.0,0.0024064169569949947,7.0
282,313.0,1236.0,0.0024408870725335175,8.0
283,623.0,976.0,0.002459503694669021,2.0
284,1055.0,1129.0,0.002480921367169548,4.0
285,112.0,1171.0,0.0024933840339997826,3.0
286,334.0,1170.0,0.0025043298190718204,5.0
287,344.0,1179.0,0.0025155084902190876,3.0
288,418.0,942.0,0.002525644610841843,2.0
289,355.0,1169.0,0.00253002465456381,3.0
290,229.0,452.0,0.002595186112899109,2.0
291,197.0,657.0,0.0025970971803561337,2.0
292,1161.0,1227.0,0.0026080526704014054,6.0
293,1210.0,1215.0,0.0026524326153492804,5.0
294,676.0,1202.0,0.0026549362125407082,3.0
295,799.0,1190.0,0.002676056076571823,3.0
296,409.0,609.0,0.0026976825652842724,2.0
297,265.0,343.0,0.0027379174992585983,2.0
298,90.0,874.0,0.0027609039621791474,2.0
299,638.0,1193.0,0.0027790501266802487,3.0
300,354.0,892.0,0.0028008564437948316,2.0
301,138.0,1060.0,0.0028225924007228634,3.0
302,906.0,1240.0,0.002832857566644797,3.0
303,1192.0,1209.0,0.002839972807600409,6.0
304,241.0,415.0,0.0029618906122088544,2.0
305,949.0,1194.0,0.002981778892010792,3.0
306,180.0,1220.0,0.0030139881001879083,3.0
307,184.0,1186.0,0.0030177489403115402,3.0
308,290.0,1184.0,0.003044477288745447,3.0
309,289.0,552.0,0.0030488857254385437,2.0
310,239.0,1275.0,0.0030604068547733297,4.0
311,389.0,1239.0,0.003159553984334502,4.0
312,147.0,667.0,0.0031905855062513166,2.0
313,886.0,1219.0,0.0032621195235612694,4.0
314,274.0,636.0,0.003391004915751804,2.0
315,683.0,929.0,0.0034010672448786528,2.0
316,108.0,610.0,0.0034242757820616572,2.0
317,331.0,1183.0,0.0034286245208745227,3.0
318,408.0,536.0,0.0035024440408566505,2.0
319,52.0,55.0,0.0035304885492639924,2.0
320,317.0,990.0,0.0035851345633348664,2.0
321,908.0,1258.0,0.003633109902273379,3.0
322,154.0,626.0,0.003648569024215039,2.0
323,729.0,880.0,0.0036691662229608344,2.0
324,1191.0,1249.0,0.0037258387588308167,5.0
325,677.0,937.0,0.003813622739079925,2.0
326,351.0,393.0,0.003830882353420766,2.0
327,203.0,260.0,0.004007441782565823,2.0
328,444.0,1250.0,0.004161496464825548,3.0
329,1180.0,1261.0,0.004180314274000644,5.0
330,538.0,1294.0,0.004239011155934664,4.0
331,477.0,854.0,0.004459979101024363,2.0
332,66.0,286.0,0.004467674132325822,2.0
333,1204.0,1248.0,0.004501308502339684,10.0
334,159.0,855.0,0.004669485869993181,2.0
335,47.0,1257.0,0.004705872549169944,3.0
336,230.0,308.0,0.004709730356692032,2.0
337,1.0,1216.0,0.004711231665777719,10.0
338,1163.0,1234.0,0.0047509629546976075,10.0
339,216.0,1247.0,0.004816149930337289,3.0
340,1187.0,1242.0,0.004833199556054748,6.0
341,85.0,1007.0,0.004914827211836845,3.0
342,642.0,1311.0,0.004915178928930588,5.0
343,614.0,1162.0,0.0049262100392106125,4.0
344,185.0,1263.0,0.004939668058124515,3.0
345,631.0,1267.0,0.0049930146289945635,5.0
346,150.0,894.0,0.005089778269974933,2.0
347,284.0,682.0,0.005121725525571719,2.0
348,1114.0,1271.0,0.005155991479025493,7.0
349,909.0,967.0,0.005182099500332882,2.0
350,10.0,117.0,0.005182099500332882,2.0
351,828.0,1036.0,0.005193682656480087,3.0
352,43.0,183.0,0.005303345050515242,2.0
353,1011.0,1213.0,0.005356747406713815,4.0
354,373.0,808.0,0.005363221424616316,2.0
355,348.0,591.0,0.005508407206526926,2.0
356,806.0,1264.0,0.005672542277285753,3.0
357,427.0,1288.0,0.0056783492268360145,3.0
358,1254.0,1260.0,0.0056957384732336845,9.0
359,588.0,711.0,0.005816026235325067,2.0
360,215.0,1274.0,0.005856565135527922,3.0
361,253.0,765.0,0.006059264394457009,2.0
362,219.0,1238.0,0.006124139398365321,6.0
363,488.0,1189.0,0.006220955943236257,5.0
364,1165.0,1284.0,0.006346768463972371,12.0
365,437.0,900.0,0.00641011533266378,2.0
366,145.0,516.0,0.006524030588728947,2.0
367,155.0,269.0,0.0066044848398028235,2.0
368,1217.0,1228.0,0.006613159118719238,4.0
369,1270.0,1308.0,0.006693056376025048,6.0
370,499.0,1229.0,0.006755314735410308,3.0
371,741.0,963.0,0.006772337161079274,2.0
372,30.0,502.0,0.00683552679647214,2.0
373,312.0,627.0,0.006922882439279632,2.0
374,136.0,209.0,0.0069926970014412265,2.0
375,466.0,669.0,0.007070103002092873,2.0
376,79.0,189.0,0.007073481934722309,2.0
377,587.0,851.0,0.007140925555649881,2.0
378,314.0,918.0,0.0071476148631982855,2.0
379,87.0,511.0,0.007183336313724778,2.0
380,50.0,911.0,0.0071862300863245795,2.0
381,278.0,1305.0,0.007235035052503552,4.0
382,695.0,975.0,0.0072684279859248635,2.0
383,898.0,964.0,0.0072835612960485,2.0
384,11.0,425.0,0.007288531466637035,2.0
385,140.0,941.0,0.0072914806923009105,2.0
386,526.0,761.0,0.007314917533142089,2.0
387,100.0,570.0,0.007353727764335001,2.0
388,632.0,733.0,0.007366063533756171,2.0
389,82.0,804.0,0.007383514728172923,2.0
390,291.0,821.0,0.007417359756129192,2.0
391,1089.0,1273.0,0.007422815671695574,5.0
392,628.0,762.0,0.007423560924265099,2.0
393,730.0,860.0,0.007444416012655783,2.0
394,850.0,1246.0,0.007476929253378758,3.0
395,169.0,853.0,0.007549035694088014,2.0
396,406.0,604.0,0.0075929066800749095,2.0
397,280.0,365.0,0.007611785396841366,2.0
398,825.0,866.0,0.007759137272393753,2.0
399,589.0,986.0,0.007764732112930447,2.0
400,398.0,994.0,0.007773925742608746,2.0
401,585.0,769.0,0.00786042127973775,2.0
402,547.0,954.0,0.007938369009223659,2.0
403,492.0,844.0,0.00797975769421701,2.0
404,29.0,905.0,0.008016955143925787,2.0
405,2.0,1262.0,0.008046578745689524,3.0
406,212.0,417.0,0.008218963262025404,2.0
407,541.0,606.0,0.00822610138520787,2.0
408,617.0,1252.0,0.008245182377464638,3.0
409,450.0,1344.0,0.00829027751317666,4.0
410,272.0,1354.0,0.00835465240074716,3.0
411,515.0,1265.0,0.008388942064530835,3.0
412,432.0,1034.0,0.008391506444657268,3.0
413,945.0,1243.0,0.008393688066089798,3.0
414,431.0,1304.0,0.008394028837341779,3.0
415,191.0,1230.0,0.0083948155620165,3.0
416,810.0,1106.0,0.008419130941946377,3.0
417,795.0,1298.0,0.008439943671298389,3.0
418,1299.0,1306.0,0.008494404099154656,6.0
419,649.0,1318.0,0.008536298538102796,3.0
420,468.0,1027.0,0.008539947992198793,3.0
421,579.0,1103.0,0.008561303279336185,3.0
422,190.0,1316.0,0.008572592666132393,3.0
423,599.0,1019.0,0.00868316091075952,3.0
424,305.0,1300.0,0.008691185917904543,3.0
425,377.0,611.0,0.008693852365606991,2.0
426,826.0,973.0,0.008720797056183085,2.0
427,392.0,1289.0,0.008793630781279222,4.0
428,394.0,1327.0,0.008862186124422819,3.0
429,1244.0,1278.0,0.008865614924098947,14.0
430,204.0,1302.0,0.008873437492879206,4.0
431,478.0,592.0,0.008884340024601914,2.0
432,338.0,698.0,0.008885661575742092,2.0
433,64.0,267.0,0.008905161277271062,2.0
434,447.0,1328.0,0.00892169982841955,4.0
435,123.0,1237.0,0.008923229580957124,3.0
436,34.0,1285.0,0.008967730750249155,4.0
437,92.0,235.0,0.008974415535653523,2.0
438,380.0,1371.0,0.009055354593731923,3.0
439,316.0,801.0,0.009065405727443868,2.0
440,320.0,1287.0,0.009067126710339242,4.0
441,6.0,1393.0,0.009113761468983097,3.0
442,436.0,969.0,0.009116470188935119,2.0
443,137.0,1320.0,0.009153149065267803,3.0
444,802.0,1307.0,0.009164841315418481,4.0
445,979.0,1321.0,0.009182957220245466,4.0
446,232.0,948.0,0.009238360759951015,2.0
447,788.0,1365.0,0.00928387335453333,3.0
448,510.0,1341.0,0.00928959171751702,4.0
449,67.0,1323.0,0.009346536236842968,3.0
450,965.0,1292.0,0.009399472650414829,7.0
451,577.0,1387.0,0.009528679086856149,3.0
452,532.0,768.0,0.009558003781234139,2.0
453,709.0,1334.0,0.009592455438512806,3.0
454,1293.0,1295.0,0.00963239435510743,8.0
455,413.0,753.0,0.009674096153110549,2.0
456,161.0,1211.0,0.009711332157605841,9.0
457,347.0,1333.0,0.009757291439225643,11.0
458,213.0,1301.0,0.009800523673672523,4.0
459,723.0,1272.0,0.009893622748376749,4.0
460,424.0,1352.0,0.010035242647980438,3.0
461,1206.0,1324.0,0.010038690693692015,12.0
462,176.0,1022.0,0.01006030252843215,3.0
463,166.0,441.0,0.010060638819092454,2.0
464,493.0,766.0,0.010102839643030102,2.0
465,220.0,899.0,0.010213522432762297,2.0
466,1315.0,1432.0,0.010289330130076178,4.0
467,813.0,1380.0,0.010342833575095202,3.0
468,1309.0,1310.0,0.010372519876916404,6.0
469,53.0,1384.0,0.010445388706435767,3.0
470,430.0,1409.0,0.010466115526772263,5.0
471,70.0,446.0,0.010577608003110075,2.0
472,410.0,1108.0,0.010619827677447988,3.0
473,193.0,882.0,0.010708536223125347,2.0
474,179.0,1015.0,0.010752971177005195,3.0
475,550.0,1335.0,0.010788515232746017,4.0
476,1269.0,1322.0,0.010919867273441424,10.0
477,295.0,1325.0,0.011194884204739502,3.0
478,1195.0,1312.0,0.011232973365766227,5.0
479,104.0,816.0,0.011469160934240495,2.0
480,839.0,1382.0,0.01148608396302644,3.0
481,1207.0,1319.0,0.011643135439435324,5.0
482,332.0,1232.0,0.011666659150356477,3.0
483,361.0,405.0,0.011802876969039986,2.0
484,525.0,763.0,0.011877103740462289,2.0
485,152.0,1279.0,0.011884044180901887,3.0
486,124.0,199.0,0.011935251936413165,2.0
487,1138.0,1343.0,0.011974650781167112,6.0
488,62.0,148.0,0.012086285974814644,2.0
489,458.0,555.0,0.012211545135131245,2.0
490,39.0,302.0,0.012229613436601207,2.0
491,803.0,1378.0,0.012519426316097997,3.0
492,19.0,484.0,0.012547724421194367,2.0
493,1222.0,1251.0,0.01262832806504818,7.0
494,988.0,1419.0,0.012782002559562924,4.0
495,930.0,1401.0,0.012915858990506932,3.0
496,385.0,1370.0,0.01304978767570209,4.0
497,1281.0,1388.0,0.013056216453009905,9.0
498,1223.0,1443.0,0.013071471614020579,5.0
499,1396.0,1411.0,0.013145868130564582,5.0
500,1340.0,1412.0,0.013191653033332612,9.0
501,1017.0,1111.0,0.013392272082665628,4.0
502,1008.0,1266.0,0.013394413460278367,7.0
503,1259.0,1449.0,0.013510383956629632,5.0
504,304.0,747.0,0.013532332138683042,2.0
505,1329.0,1355.0,0.013829699302109066,7.0
506,381.0,1440.0,0.013864980862447564,5.0
507,1119.0,1286.0,0.013929704448324507,8.0
508,561.0,713.0,0.013985327170040683,2.0
509,1066.0,1476.0,0.014008828895105801,12.0
510,1181.0,1276.0,0.014021692597430859,8.0
511,1255.0,1404.0,0.014066260574311137,4.0
512,73.0,776.0,0.014169435611649395,2.0
513,268.0,960.0,0.014192929281750252,2.0
514,1290.0,1422.0,0.014249869162133416,5.0
515,896.0,947.0,0.014321475792984383,2.0
516,807.0,1437.0,0.014345736440064146,3.0
517,293.0,653.0,0.014465233423451906,2.0
518,522.0,1203.0,0.014495644559169213,3.0
519,175.0,463.0,0.014525311115846842,2.0
520,1200.0,1345.0,0.014543633798648163,8.0
521,401.0,863.0,0.014728821762063372,2.0
522,429.0,757.0,0.014761048656358782,2.0
523,48.0,1356.0,0.014772871435374908,4.0
524,814.0,921.0,0.014852181018354782,2.0
525,158.0,376.0,0.01495262108251389,2.0
526,5.0,1383.0,0.014957453497738825,3.0
527,583.0,654.0,0.014990152001695652,2.0
528,1348.0,1415.0,0.015103660941662092,10.0
529,318.0,1148.0,0.01515120388105147,3.0
530,8.0,958.0,0.01518589670141112,2.0
531,601.0,1434.0,0.015258113415159692,5.0
532,1121.0,1338.0,0.015267399112953816,13.0
533,1297.0,1460.0,0.01531256966660624,5.0
534,635.0,738.0,0.015338888345910113,2.0
535,333.0,1483.0,0.015431021036299212,3.0
536,371.0,749.0,0.015549684876577253,2.0
537,245.0,624.0,0.015879020108350052,2.0
538,1224.0,1353.0,0.015922111969026095,8.0
539,1359.0,1399.0,0.01595892415590268,4.0
540,457.0,1002.0,0.016011829095626196,3.0
541,794.0,1032.0,0.01614514034300798,4.0
542,1174.0,1496.0,0.01624123768062742,6.0
543,1397.0,1444.0,0.0162971671812965,6.0
544,543.0,1376.0,0.016298947141536235,3.0
545,603.0,1373.0,0.016316181505053557,3.0
546,497.0,1481.0,0.016426292965126876,6.0
547,1256.0,1461.0,0.016450227771778035,15.0
548,594.0,1436.0,0.016475930083964925,5.0
549,464.0,1452.0,0.016499422204309427,3.0
550,1253.0,1400.0,0.016549939736048222,4.0
551,1152.0,1317.0,0.016681796364404984,5.0
552,133.0,1425.0,0.01682581612536313,3.0
553,74.0,1414.0,0.016827426320342256,4.0
554,170.0,198.0,0.016844338958363562,2.0
555,1100.0,1385.0,0.017169256453049727,4.0
556,1167.0,1375.0,0.01718186937770375,5.0
557,370.0,1367.0,0.017227719294374035,3.0
558,1428.0,1529.0,0.017286803309357047,6.0
559,756.0,1523.0,0.017336119921211902,5.0
560,297.0,396.0,0.017358970940846465,2.0
561,651.0,1326.0,0.01736516482108376,3.0
562,149.0,542.0,0.017458141035102015,2.0
563,771.0,1357.0,0.01752376631482634,4.0
564,748.0,789.0,0.01761913830113182,2.0
565,252.0,1512.0,0.017649177499975917,3.0
566,1282.0,1363.0,0.017720180197399182,13.0
567,1283.0,1405.0,0.017767088788586155,5.0
568,1291.0,1386.0,0.017933608118018717,4.0
569,1330.0,1364.0,0.01799272754886881,16.0
570,901.0,1495.0,0.018073430683915447,4.0
571,1277.0,1429.0,0.018120647735402867,18.0
572,58.0,362.0,0.018202753390489657,2.0
573,223.0,872.0,0.018233519282259435,2.0
574,873.0,1445.0,0.018280934611781506,5.0
575,487.0,968.0,0.0182957723964898,2.0
576,718.0,1033.0,0.018313849122847305,3.0
577,1218.0,1427.0,0.018633833618197555,6.0
578,1201.0,1417.0,0.018892668461144596,5.0
579,551.0,838.0,0.01892807827365147,2.0
580,1418.0,1454.0,0.01894591859853938,14.0
581,435.0,637.0,0.019278987405519907,2.0
582,1416.0,1510.0,0.019291146586542587,11.0
583,1421.0,1497.0,0.019423057942635585,12.0
584,1395.0,1413.0,0.019644731631848687,5.0
585,1342.0,1528.0,0.020162364761656983,15.0
586,61.0,105.0,0.02017496989935419,2.0
587,443.0,678.0,0.02019842036000938,2.0
588,817.0,1374.0,0.0202054442930413,3.0
589,1358.0,1430.0,0.020511932410874987,13.0
590,1369.0,1532.0,0.020563481464178277,19.0
591,907.0,1361.0,0.020628309790928515,3.0
592,299.0,1555.0,0.020748193395267747,5.0
593,1233.0,1337.0,0.020882581712706103,17.0
594,781.0,1451.0,0.021004131829324285,4.0
595,1245.0,1493.0,0.02101672721647894,11.0
596,1478.0,1567.0,0.021044814711013816,10.0
597,217.0,719.0,0.02134519405925293,2.0
598,1453.0,1474.0,0.02139236912878044,6.0
599,517.0,1530.0,0.021445661396887736,3.0
600,1372.0,1505.0,0.02158335704041175,9.0
601,1475.0,1489.0,0.021586684619748,6.0
602,685.0,923.0,0.021693420694595796,2.0
603,539.0,811.0,0.021715618852142037,2.0
604,125.0,1504.0,0.021809941810895912,3.0
605,36.0,858.0,0.02183410473787582,2.0
606,426.0,1336.0,0.021873425940229493,3.0
607,470.0,1303.0,0.021890348045344538,7.0
608,1313.0,1590.0,0.022034749795749167,23.0
609,558.0,1490.0,0.022171086985076128,3.0
610,174.0,645.0,0.022381066098144338,2.0
611,595.0,1463.0,0.022499583979229187,3.0
612,1214.0,1551.0,0.02263863590715074,7.0
613,1514.0,1556.0,0.022652548925198843,10.0
614,1471.0,1520.0,0.022823435482331234,10.0
615,1435.0,1498.0,0.022903256753944615,8.0
616,41.0,670.0,0.022984740272724236,2.0
617,285.0,1031.0,0.02307528804422693,3.0
618,251.0,1462.0,0.02320229404223399,4.0
619,705.0,1487.0,0.023219963316474333,7.0
620,1198.0,1589.0,0.023266600469996318,20.0
621,207.0,1519.0,0.02333094323653069,3.0
622,699.0,1423.0,0.023583274078930044,4.0
623,689.0,915.0,0.023830119304586166,2.0
624,250.0,1407.0,0.023926026789807972,3.0
625,792.0,1447.0,0.024079758358385318,4.0
626,1175.0,1455.0,0.024612219927536226,4.0
627,1208.0,1408.0,0.02512379121264992,11.0
628,35.0,194.0,0.025139275377231284,2.0
629,1377.0,1406.0,0.025333916492388003,4.0
630,602.0,1003.0,0.025434460860483326,3.0
631,523.0,1541.0,0.025546925105876472,5.0
632,307.0,731.0,0.025573937993823282,2.0
633,780.0,1511.0,0.02563412581638637,5.0
634,388.0,1094.0,0.025678486941446553,3.0
635,983.0,1392.0,0.02576520992407616,3.0
636,1280.0,1394.0,0.025869452710446477,6.0
637,1456.0,1506.0,0.025915173937628586,14.0
638,1296.0,1544.0,0.025936368344267987,5.0
639,823.0,1624.0,0.025955137715359226,4.0
640,240.0,596.0,0.026092475593984647,2.0
641,491.0,1231.0,0.026582326588397088,5.0
642,1501.0,1570.0,0.026957955451633417,8.0
643,620.0,1494.0,0.027141368160208335,5.0
644,1459.0,1466.0,0.027304226731169296,8.0
645,60.0,1379.0,0.02735376540637017,3.0
646,1458.0,1526.0,0.027557876981966448,7.0
647,1539.0,1618.0,0.027733141577260388,8.0
648,160.0,697.0,0.02795639108086972,2.0
649,1122.0,1492.0,0.02807276675803046,4.0
650,1001.0,1522.0,0.028291128534348887,4.0
651,1468.0,1614.0,0.028497168136674876,16.0
652,107.0,1154.0,0.028591363754903187,3.0
653,195.0,1020.0,0.02867489658115395,3.0
654,1500.0,1627.0,0.028811015651381645,20.0
655,7.0,681.0,0.028858851374968235,2.0
656,1488.0,1536.0,0.02886442805009317,4.0
657,420.0,1477.0,0.028891062294793317,4.0
658,644.0,919.0,0.029120742961991533,2.0
659,519.0,732.0,0.02924972320403134,2.0
660,974.0,1479.0,0.029263860587121496,3.0
661,1424.0,1426.0,0.029403649104912808,5.0
662,1442.0,1480.0,0.029725657130533375,5.0
663,24.0,714.0,0.029794199874425033,2.0
664,727.0,1431.0,0.02982157298049719,3.0
665,932.0,1605.0,0.029948408915391217,3.0
666,469.0,1613.0,0.030723162260971063,11.0
667,505.0,696.0,0.030814148932720446,2.0
668,1527.0,1577.0,0.030904794642247036,8.0
669,693.0,1565.0,0.031005930768093326,4.0
670,210.0,243.0,0.031008913793963734,2.0
671,1391.0,1593.0,0.03158741631140851,22.0
672,1502.0,1543.0,0.03166185700668216,13.0
673,1360.0,1629.0,0.03188894712051375,7.0
674,634.0,1560.0,0.031931917434724705,3.0
675,23.0,568.0,0.03227229545155827,2.0
676,1347.0,1571.0,0.03242984366158852,20.0
677,1410.0,1646.0,0.03251243627687982,10.0
678,1470.0,1607.0,0.03253271305495444,12.0
679,820.0,1645.0,0.03303602411560467,4.0
680,1403.0,1482.0,0.03312815155507363,5.0
681,1538.0,1559.0,0.033289370530012054,13.0
682,196.0,910.0,0.03330408722265178,2.0
683,1402.0,1516.0,0.03338909002534728,5.0
684,1457.0,1547.0,0.033436662755347804,26.0
685,1332.0,1350.0,0.033548519831518776,4.0
686,1368.0,1503.0,0.03395183673185893,9.0
687,1574.0,1600.0,0.03587778022657399,14.0
688,1366.0,1606.0,0.0360238551759439,5.0
689,301.0,323.0,0.03611789537326379,2.0
690,1550.0,1649.0,0.036366813155565926,8.0
691,1389.0,1597.0,0.0368207838130199,4.0
692,1486.0,1668.0,0.03686121950231493,10.0
693,600.0,883.0,0.03751557756799377,2.0
694,134.0,571.0,0.037681246250640316,2.0
695,1144.0,1351.0,0.037895627097932545,5.0
696,1398.0,1596.0,0.03819568426732657,12.0
697,1448.0,1485.0,0.0382018945881223,7.0
698,292.0,1561.0,0.038276347613828705,4.0
699,1390.0,1441.0,0.038438180746063325,5.0
700,581.0,671.0,0.03848095154892796,2.0
701,122.0,335.0,0.03855566376831864,2.0
702,1339.0,1469.0,0.038782871394861834,6.0
703,1518.0,1521.0,0.039043295954724486,5.0
704,1517.0,1579.0,0.039180548280562985,4.0
705,1531.0,1553.0,0.03918583840674221,9.0
706,379.0,1656.0,0.03952258307111805,5.0
707,156.0,1581.0,0.04003850266821394,3.0
708,996.0,1508.0,0.04026819922988226,3.0
709,45.0,981.0,0.040345671074940956,2.0
710,1465.0,1591.0,0.040504548418546144,5.0
711,22.0,815.0,0.040979570447861366,2.0
712,597.0,1599.0,0.04160947880821219,4.0
713,1450.0,1509.0,0.04239828945655663,19.0
714,735.0,1537.0,0.04250658575755306,3.0
715,506.0,716.0,0.04293906745742463,2.0
716,1438.0,1566.0,0.04312556914364035,16.0
717,1331.0,1679.0,0.04313641283464426,6.0
718,1535.0,1615.0,0.0432845614250656,11.0
719,337.0,1573.0,0.04352749496984482,3.0
720,445.0,559.0,0.043604080615288594,2.0
721,1484.0,1687.0,0.04419055487417442,16.0
722,1507.0,1619.0,0.044257429339748466,15.0
723,656.0,1643.0,0.044286292790170004,6.0
724,1499.0,1716.0,0.04449796455093494,21.0
725,1491.0,1666.0,0.04461503318912826,14.0
726,529.0,1621.0,0.044692726388663874,4.0
727,1563.0,1612.0,0.04480765527822173,11.0
728,819.0,842.0,0.045009227191977294,2.0
729,692.0,1439.0,0.04509515052492212,3.0
730,1433.0,1657.0,0.046029340681524096,6.0
731,1595.0,1697.0,0.04630168370007514,18.0
732,1592.0,1598.0,0.046916186421776314,11.0
733,1513.0,1642.0,0.04729308269820916,10.0
734,1533.0,1580.0,0.047559438016916936,19.0
735,1552.0,1587.0,0.047579295122136676,5.0
736,1524.0,1685.0,0.048051351739779834,6.0
737,1534.0,1616.0,0.04817148357222002,4.0
738,786.0,862.0,0.04828868361447329,2.0
739,1630.0,1694.0,0.048608209825779486,5.0
740,1472.0,1677.0,0.049819747335875825,13.0
741,1672.0,1678.0,0.04994373407527841,25.0
742,1575.0,1660.0,0.05023330647986193,5.0
743,1634.0,1705.0,0.05070334185485852,12.0
744,580.0,978.0,0.05086375798920607,2.0
745,12.0,118.0,0.05114683450723178,2.0
746,384.0,701.0,0.051282504359583696,2.0
747,1446.0,1633.0,0.051583377191906865,7.0
748,1648.0,1714.0,0.053026972860729986,5.0
749,1557.0,1602.0,0.05303075970439312,5.0
750,1464.0,1699.0,0.053238077141942355,7.0
751,1578.0,1636.0,0.053890904723828584,11.0
752,931.0,1661.0,0.05428589701281362,6.0
753,566.0,1704.0,0.05435338577040911,5.0
754,4.0,1349.0,0.05517271162034823,3.0
755,32.0,177.0,0.055283320717160044,2.0
756,109.0,889.0,0.05547465538868197,2.0
757,1582.0,1620.0,0.05570814888832985,31.0
758,77.0,214.0,0.05595606106767145,2.0
759,809.0,1669.0,0.05611997247980294,5.0
760,31.0,1729.0,0.05636235540448302,4.0
761,1658.0,1665.0,0.05644530268552609,5.0
762,1525.0,1683.0,0.056493058983567664,7.0
763,694.0,1604.0,0.05722551217476041,4.0
764,1594.0,1637.0,0.05747299063002759,18.0
765,920.0,1691.0,0.057580155081455274,5.0
766,835.0,1576.0,0.05777873064775862,4.0
767,959.0,1025.0,0.058478501932370586,3.0
768,1346.0,1712.0,0.06009600472868754,6.0
769,746.0,1572.0,0.06015725269334591,3.0
770,1542.0,1671.0,0.06132951651499568,28.0
771,3.0,1674.0,0.062292529778197235,4.0
772,121.0,737.0,0.06233710750749292,2.0
773,1663.0,1681.0,0.06238501481223126,15.0
774,329.0,1632.0,0.06260084361018167,3.0
775,1585.0,1724.0,0.06383498962957296,36.0
776,1622.0,1673.0,0.06423254860365286,11.0
777,1569.0,1608.0,0.06462914450740015,39.0
778,1588.0,1638.0,0.06510010485003714,8.0
779,1467.0,1640.0,0.06565381619194031,5.0
780,1686.0,1777.0,0.06573909498354655,48.0
781,1545.0,1751.0,0.06593685819166425,14.0
782,1221.0,1743.0,0.06658917744519294,14.0
783,1653.0,1659.0,0.06694156896442448,5.0
784,662.0,778.0,0.06780686687867882,2.0
785,1583.0,1676.0,0.06804325637929219,32.0
786,565.0,686.0,0.0681435492001588,2.0
787,471.0,1650.0,0.06897957687696192,5.0
788,1381.0,1548.0,0.069043941977672,9.0
789,1626.0,1654.0,0.06976049593296194,24.0
790,127.0,878.0,0.07059590436313239,2.0
791,102.0,131.0,0.0707125032136456,2.0
792,1702.0,1727.0,0.07335102384022735,17.0
793,129.0,288.0,0.07425024648420497,2.0
794,1473.0,1715.0,0.0742975480184881,4.0
795,276.0,660.0,0.0743216411386059,2.0
796,1568.0,1693.0,0.07446889683130348,6.0
797,300.0,1709.0,0.0746803266736305,3.0
798,281.0,1549.0,0.07531366909336389,4.0
799,1647.0,1713.0,0.07575113414012058,27.0
800,755.0,1554.0,0.07680143704548846,3.0
801,1684.0,1734.0,0.07877153347752269,45.0
802,562.0,830.0,0.07885729635114157,2.0
803,1362.0,1625.0,0.07969596390400252,10.0
804,135.0,225.0,0.08113657498773805,2.0
805,1703.0,1768.0,0.08157565740186395,11.0
806,1749.0,1787.0,0.08183592839796941,10.0
807,1718.0,1722.0,0.08196368553867636,26.0
808,717.0,1695.0,0.08202665149704692,6.0
809,1601.0,1750.0,0.08223541001915197,13.0
810,1644.0,1757.0,0.08228535801905879,39.0
811,1314.0,1420.0,0.08233329588312446,5.0
812,1735.0,1747.0,0.08243354366551855,12.0
813,1558.0,1731.0,0.08349421198843421,24.0
814,728.0,885.0,0.08573461929245331,2.0
815,275.0,528.0,0.08599172035884595,2.0
816,1692.0,1785.0,0.08626642370303336,42.0
817,805.0,1707.0,0.0887919911962861,4.0
818,554.0,1763.0,0.08925532629695965,5.0
819,378.0,1719.0,0.09180405276599024,4.0
820,1652.0,1797.0,0.09243968225686322,6.0
821,246.0,849.0,0.09252118456784422,2.0
822,1670.0,1738.0,0.09320920910560604,4.0
823,1584.0,1759.0,0.09353392802914227,10.0
824,1662.0,1733.0,0.09539870591541397,15.0
825,1609.0,1728.0,0.09704485549840164,5.0
826,1628.0,1813.0,0.09742142778512781,26.0
827,1682.0,1767.0,0.09787401738655702,5.0
828,1736.0,1798.0,0.09859824029305857,10.0
829,54.0,1564.0,0.10075416624601588,3.0
830,1603.0,1783.0,0.10188589135825743,7.0
831,652.0,1754.0,0.10359785298057618,4.0
832,1745.0,1784.0,0.10372050700828105,4.0
833,664.0,750.0,0.10432905075591284,2.0
834,1723.0,1776.0,0.10459002280069243,17.0
835,1655.0,1664.0,0.10460504444104031,5.0
836,1689.0,1762.0,0.10503260755423881,9.0
837,1540.0,1806.0,0.10519656676432504,13.0
838,1546.0,1721.0,0.1058197605026989,22.0
839,1706.0,1781.0,0.10699282597516246,19.0
840,1701.0,1748.0,0.10815034909593325,7.0
841,352.0,1631.0,0.10985103025202216,6.0
842,1760.0,1788.0,0.11375927333271553,13.0
843,1711.0,1756.0,0.11430287354300651,4.0
844,1610.0,1765.0,0.11456427550099704,7.0
845,1726.0,1771.0,0.11569987185829654,8.0
846,51.0,984.0,0.11683567800113154,2.0
847,1690.0,1770.0,0.11732725742699672,36.0
848,1698.0,1823.0,0.1182003952046605,14.0
849,1635.0,1811.0,0.11830259227361177,8.0
850,1651.0,1789.0,0.1235159996107931,40.0
851,472.0,1772.0,0.12448119665486254,3.0
852,439.0,1515.0,0.12595657126885337,3.0
853,1764.0,1799.0,0.12624101903063248,45.0
854,234.0,661.0,0.13165519111777527,2.0
855,1742.0,1782.0,0.13190772057374425,19.0
856,1688.0,1845.0,0.13285803851699368,13.0
857,1675.0,1708.0,0.13584981782484315,5.0
858,1623.0,1758.0,0.13647008904205563,4.0
859,1779.0,1838.0,0.13762729339733107,27.0
860,1680.0,1812.0,0.14070260526453207,17.0
861,1717.0,1803.0,0.14200076290405048,16.0
862,1778.0,1792.0,0.14418308186067677,25.0
863,1740.0,1741.0,0.14796408552654797,38.0
864,1562.0,1773.0,0.1518742058454851,17.0
865,1639.0,1753.0,0.15267572803368995,9.0
866,1827.0,1830.0,0.16117653666285933,12.0
867,641.0,688.0,0.16134944754919933,2.0
868,1667.0,1739.0,0.16277926926404093,7.0
869,88.0,1804.0,0.16556967854352758,3.0
870,1815.0,1846.0,0.17058565676461634,4.0
871,1700.0,1793.0,0.1732124002429913,4.0
872,1817.0,1841.0,0.17541507722527241,10.0
873,1746.0,1837.0,0.17894884558482566,15.0
874,1720.0,1825.0,0.17922605317725132,7.0
875,1737.0,1818.0,0.1817977891530694,9.0
876,679.0,1755.0,0.18437853403938353,3.0
877,1780.0,1801.0,0.1862175185910175,93.0
878,1732.0,1775.0,0.18701228797923317,47.0
879,1725.0,1761.0,0.1901626560496215,19.0
880,743.0,1014.0,0.19999269475176967,3.0
881,1824.0,1848.0,0.2040084770161511,29.0
882,790.0,916.0,0.20417512442597552,2.0
883,1790.0,1791.0,0.2086328480865167,4.0
884,1641.0,1730.0,0.20954959548356156,11.0
885,1795.0,1858.0,0.21181035205352833,6.0
886,1611.0,1808.0,0.21705307146291514,9.0
887,1752.0,1875.0,0.21830278162570077,15.0
888,1820.0,1857.0,0.22252176378902838,11.0
889,1710.0,1873.0,0.22844000361876238,20.0
890,188.0,1268.0,0.2315313518918983,3.0
891,1769.0,1800.0,0.23400619396310704,6.0
892,1828.0,1862.0,0.23466960315693647,35.0
893,448.0,1586.0,0.239287018946038,3.0
894,1802.0,1833.0,0.2474887086174343,4.0
895,507.0,742.0,0.2518179212064637,2.0
896,1744.0,1832.0,0.25493009969229335,6.0
897,146.0,893.0,0.2560204378810955,2.0
898,1796.0,1839.0,0.25739187052525786,25.0
899,1794.0,1874.0,0.2659748143934094,11.0
900,1844.0,1861.0,0.2688858929537856,23.0
901,1807.0,1853.0,0.2696063832456822,71.0
902,1850.0,1878.0,0.27393015759524336,87.0
903,1766.0,1814.0,0.2748437155521174,6.0
904,259.0,341.0,0.27563738177207475,2.0
905,1849.0,1865.0,0.27835709483975074,17.0
906,1809.0,1816.0,0.2828836885585019,55.0
907,987.0,1826.0,0.2863423227449404,27.0
908,1821.0,1840.0,0.2866078048423648,9.0
909,1805.0,1842.0,0.2963282980961573,24.0
910,1843.0,1854.0,0.2981316810394299,6.0
911,521.0,1879.0,0.30129846611883854,20.0
912,1774.0,1876.0,0.30770257456850914,6.0
913,1851.0,1883.0,0.3138130782706117,7.0
914,1822.0,1870.0,0.3168283398723698,8.0
915,1836.0,1872.0,0.31818278518095067,19.0
916,1835.0,1898.0,0.3266131726445234,30.0
917,1696.0,1859.0,0.33100193011991713,39.0
918,1856.0,1863.0,0.3361146346588546,51.0
919,1869.0,1871.0,0.34546860301423266,7.0
920,224.0,1241.0,0.35133435178290134,3.0
921,21.0,1819.0,0.3593220548387613,5.0
922,1617.0,1867.0,0.36533972212286964,5.0
923,205.0,1900.0,0.3663933817923229,24.0
924,1834.0,1911.0,0.36705178235711794,37.0
925,1035.0,1886.0,0.3692604329740266,11.0
926,1810.0,1877.0,0.37283797926598644,132.0
927,1855.0,1860.0,0.3818760253451582,36.0
928,831.0,1831.0,0.3851446286728507,5.0
929,1829.0,1882.0,0.4020812864865541,5.0
930,1885.0,1913.0,0.41091224279629496,13.0
931,1864.0,1901.0,0.42900781173428554,88.0
932,46.0,840.0,0.45207005817579826,2.0
933,1852.0,1902.0,0.47518750856228237,90.0
934,1892.0,1926.0,0.48502054104813663,167.0
935,569.0,1005.0,0.4879975477586111,3.0
936,1889.0,1921.0,0.4940705421591582,25.0
937,1018.0,1903.0,0.49838591790492526,8.0
938,812.0,928.0,0.5099264181903137,2.0
939,1907.0,1918.0,0.5279582513057994,78.0
940,1868.0,1924.0,0.5305362915401098,44.0
941,1866.0,1908.0,0.5388040558010756,21.0
942,309.0,1895.0,0.5476591857129176,3.0
943,1914.0,1919.0,0.5753156159603598,15.0
944,1896.0,1912.0,0.5812544969785842,12.0
945,1888.0,1909.0,0.588046238808697,35.0
946,1847.0,1934.0,0.6021619521765808,203.0
947,1899.0,1905.0,0.6024748223696668,28.0
948,1887.0,1917.0,0.6045833759213237,54.0
949,1880.0,1942.0,0.6164584736901694,6.0
950,1884.0,1891.0,0.6246532374990098,17.0
951,1906.0,1933.0,0.6283391179889715,145.0
952,1897.0,1935.0,0.6439781785690202,5.0
953,1890.0,1904.0,0.6983396891408029,5.0
954,1881.0,1915.0,0.7907549991328753,48.0
955,1786.0,1937.0,0.831032241564295,10.0
956,375.0,1953.0,0.8513128225944719,6.0
957,1927.0,1951.0,0.8758651818605265,181.0
958,1910.0,1929.0,0.8870555297485129,11.0
959,1893.0,1928.0,0.9292547347824504,8.0
960,1916.0,1923.0,0.990645385214832,54.0
961,1920.0,1944.0,1.0346193359828981,15.0
962,327.0,980.0,1.0449160087941127,2.0
963,545.0,1950.0,1.1003358691279708,18.0
964,998.0,1949.0,1.1385781182603356,7.0
965,1931.0,1945.0,1.1483968316028963,123.0
966,556.0,935.0,1.197796465370691,2.0
967,1894.0,1943.0,1.200591914946179,19.0
968,1947.0,1954.0,1.2642151218220528,76.0
969,1936.0,1939.0,1.3022055843892637,103.0
970,1932.0,1952.0,1.3517219232082203,7.0
971,1940.0,1948.0,1.4580328927982253,98.0
972,1941.0,1958.0,1.5513126421795618,32.0
973,1930.0,1971.0,1.5714790371925518,111.0
974,512.0,1970.0,1.5894454638888016,8.0
975,1925.0,1963.0,1.6405502056184125,29.0
976,1960.0,1961.0,1.803570246821425,69.0
977,843.0,1956.0,1.9399071287210254,7.0
978,1965.0,1969.0,2.0492740577186574,226.0
979,1938.0,1964.0,2.4035022042452523,9.0
980,1959.0,1975.0,2.5354480318965673,37.0
981,1967.0,1972.0,2.645737296818938,51.0
982,1946.0,1957.0,2.740432582698725,384.0
983,1968.0,1982.0,2.822547340683429,460.0
984,665.0,1966.0,2.8629217088778227,3.0
985,1955.0,1973.0,3.830957250142538,121.0
986,192.0,1962.0,5.274251556778667,3.0
987,1977.0,1980.0,5.4361016585384,44.0
988,1979.0,1981.0,6.0902523992218836,60.0
989,1974.0,1984.0,6.161470854745768,11.0
990,1978.0,1983.0,6.954535907354164,686.0
991,658.0,1986.0,7.669075902570305,4.0
992,1922.0,1987.0,8.846116320811806,49.0
993,1976.0,1990.0,10.432225958814781,755.0
994,1988.0,1993.0,10.994819619762714,815.0
995,1989.0,1991.0,16.92264220735557,15.0
996,1992.0,1995.0,37.271456781359426,64.0
997,1985.0,1994.0,41.3211503554693,936.0
998,1996.0,1997.0,44.22455083662724,1000.0
